"X","Y","Z","K","delta_l","se","d","CI_alt","CI_ust","p_boot","p_binom","poz_dl","ocr50","kriter2","CV0","CV1","OS","OCR","mi_ihlal","r_MI_dl","boot_gecti","binom_gecti","karar","mekanizma","etiket","r_XZ","r_ZY","maxZ","etk_p","C2","taban_ok"
"MEMNUNIYET","GUV_Saglayici","ERS",6,-0.276,0.328,-0.342,-0.926,0.39,0.8001,0.8906,2,2,2,3.8,6.7,0,0.444,6,-0.321,FALSE,FALSE,"Degil","Yok","olcek_Z",0.554,0.617,0.617,0.1559,"kaldi",FALSE
"MEMNUNIYET","GUV_Odeyici","ERS",6,0.665,0.819,0.329,-0.851,2.353,0.2083,0.6562,3,3,3,3.8,5,0,0.533,6,-0.639,FALSE,FALSE,"Degil","Yok","olcek_Z",0.554,0.569,0.569,0.3512,"kaldi",FALSE
"MEMNUNIYET","GUVEN","ERS",6,0.656,0.615,0.425,-0.523,1.898,0.1432,0.3437,4,4,4,3.5,4.7,0,0.667,6,-0.48,FALSE,FALSE,"Degil","Yok","olcek_Z",0.554,0.612,0.612,0.3247,"kaldi",FALSE
"MEMNUNIYET","SOY_index","ERS",6,-0.444,0.292,-0.635,-1.019,0.081,0.9358,0.8906,2,2,2,7,11.1,0,0.311,6,-0.14,FALSE,FALSE,"Degil","Yok","olcek_Z",0.554,0.413,0.554,0.3334,"kaldi",FALSE
"MEMNUNIYET","GUV_Saglayici","KAB",6,-1.119,0.336,-1.358,-1.619,-0.365,0.9996,0.9844,1,1,1,3.8,13.2,0,0.167,6,0.028,FALSE,FALSE,"Degil","Yok","olcek_Z",0.632,0.717,0.717,0,"kaldi",FALSE
"MEMNUNIYET","GUV_Odeyici","KAB",6,-0.855,0.446,-0.767,-1.658,0.111,0.9724,0.9844,1,1,1,3.8,11.3,0,0.222,6,-0.517,FALSE,FALSE,"Degil","Yok","olcek_Z",0.632,0.666,0.666,0.0006,"kaldi",FALSE
"MEMNUNIYET","GUVEN","KAB",6,-0.799,0.437,-0.741,-1.484,0.136,0.9663,0.9844,1,1,1,3.5,10.9,0,0.167,6,-0.152,FALSE,FALSE,"Degil","Yok","olcek_Z",0.632,0.716,0.716,0.0002,"kaldi",FALSE
"MEMNUNIYET","SOY_index","KAB",6,-1.05,0.461,-0.951,-1.91,-0.205,0.9886,0.9844,1,1,1,7,12.6,0,0.233,6,0.611,FALSE,FALSE,"Degil","Yok","olcek_Z",0.632,0.453,0.632,0.9592,"kaldi",FALSE
"MEMNUNIYET","GUV_Saglayici","UYG",6,-1.09,0.159,-2.846,-1.417,-0.794,1,1,0,0,0,3.8,11.7,0,0.111,6,0.066,FALSE,FALSE,"Degil","Yok","olcek_Z",0.641,0.701,0.701,0.0173,"kaldi",FALSE
"MEMNUNIYET","GUV_Odeyici","UYG",6,-0.651,0.297,-0.884,-1.19,-0.056,0.9857,0.8906,1,2,2,3.8,9.4,0,0.422,6,-0.347,FALSE,FALSE,"Degil","Yok","olcek_Z",0.641,0.655,0.655,0.0123,"kaldi",FALSE
"MEMNUNIYET","GUVEN","UYG",6,-0.928,0.194,-2.061,-1.27,-0.561,1,0.8906,0,2,2,3.5,9.8,0,0.422,6,-0.226,FALSE,FALSE,"Degil","Yok","olcek_Z",0.641,0.703,0.703,0.0287,"kaldi",FALSE
"MEMNUNIYET","SOY_index","UYG",6,-1.113,0.422,-1.097,-2.044,-0.422,0.9958,0.9844,0,1,1,7,14,0,0.144,6,0.589,FALSE,FALSE,"Degil","Yok","olcek_Z",0.641,0.472,0.641,0.2804,"kaldi",FALSE
"MEMNUNIYET","GUV_Saglayici","ULS",6,-0.85,0.161,-2.126,-1.186,-0.566,1,1,0,0,0,3.8,9,0,0.144,6,-0.002,FALSE,FALSE,"Degil","Yok","olcek_Z",0.614,0.633,0.633,0.0027,"kaldi",FALSE
"MEMNUNIYET","GUV_Odeyici","ULS",6,-0.5,0.361,-0.565,-1.16,0.22,0.9166,0.6562,2,3,3,3.8,8.3,0,0.544,6,-0.255,FALSE,FALSE,"Degil","Yok","olcek_Z",0.614,0.583,0.614,0.003,"kaldi",FALSE
"MEMNUNIYET","GUVEN","ULS",6,-0.797,0.2,-1.659,-1.201,-0.395,1,0.9844,0,1,1,3.5,8.3,0,0.311,6,-0.183,FALSE,FALSE,"Degil","Yok","olcek_Z",0.614,0.633,0.633,0.0018,"kaldi",FALSE
"MEMNUNIYET","SOY_index","ULS",6,-1.075,0.478,-0.945,-2.066,-0.252,0.9877,0.9844,0,1,1,7,11.2,0,0.244,6,0.776,FALSE,FALSE,"Degil","Yok","olcek_Z",0.614,0.429,0.614,0.3301,"kaldi",FALSE
"MEMNUNIYET","GUV_Saglayici","ERISIM",6,-1.409,0.188,-3.118,-1.696,-1.005,1,0.9844,0,1,1,3.8,16.7,0,0.167,6,-0.074,FALSE,FALSE,"Degil","Yok","olcek_Z",0.686,0.756,0.756,0.0001,"kaldi",FALSE
"MEMNUNIYET","GUV_Odeyici","ERISIM",6,-1.047,0.27,-1.651,-1.519,-0.489,0.9999,0.9844,1,1,1,3.8,12.7,0,0.222,6,-0.657,FALSE,FALSE,"Degil","Yok","olcek_Z",0.686,0.695,0.695,0.0007,"kaldi",FALSE
"MEMNUNIYET","GUVEN","ERISIM",6,-1.125,0.253,-1.846,-1.54,-0.581,1,0.9844,1,1,1,3.5,13.1,0,0.167,6,-0.335,FALSE,FALSE,"Degil","Yok","olcek_Z",0.686,0.754,0.754,0.0004,"kaldi",FALSE
"MEMNUNIYET","SOY_index","ERISIM",6,-1.184,0.436,-1.108,-2.132,-0.45,0.9967,0.9844,1,1,1,7,16.3,0,0.233,6,0.513,FALSE,FALSE,"Degil","Yok","olcek_Z",0.686,0.498,0.686,0.7723,"kaldi",FALSE
"ERISIM","GUV_Saglayici","MTT",6,-1.206,0.271,-1.789,-1.7,-0.652,1,0.9844,0,1,1,4.4,18.4,0,0.222,4,-0.245,FALSE,FALSE,"Degil","Yok","olcek_Z",0.688,0.73,0.73,0.002,"kaldi",FALSE
"ERISIM","GUV_Odeyici","MTT",6,-1.553,0.378,-1.628,-2.386,-0.877,1,0.9844,0,1,1,4.2,19.4,0,0.278,4,-0.371,FALSE,FALSE,"Degil","Yok","olcek_Z",0.688,0.687,0.688,0.0007,"kaldi",FALSE
"ERISIM","GUVEN","MTT",6,-1.058,0.476,-0.886,-1.861,-0.024,0.9869,0.9844,1,1,1,4,17.7,0,0.222,4,0.044,FALSE,FALSE,"Degil","Yok","olcek_Z",0.688,0.734,0.734,0.0024,"kaldi",FALSE
"ERISIM","SOY_index","MTT",6,-1.464,0.181,-3.421,-1.835,-1.14,1,0.9844,0,1,1,9.2,36.3,0,0.2,4,-0.313,FALSE,FALSE,"Degil","Yok","olcek_Z",0.688,0.533,0.688,0.1679,"kaldi",FALSE
"ERISIM","GUV_Saglayici","FCV",6,-0.459,0.445,-0.415,-1.074,0.533,0.8492,0.8906,1,2,2,4.4,10.7,0,0.278,4,0.183,FALSE,FALSE,"Degil","Yok","olcek_Z",0.587,0.655,0.655,0,"kaldi",FALSE
"ERISIM","GUV_Odeyici","FCV",6,-0.724,0.47,-0.645,-1.547,0.279,0.9385,0.8906,1,2,2,4.2,10.1,0,0.444,4,-0.655,FALSE,FALSE,"Degil","Yok","olcek_Z",0.587,0.646,0.646,0,"kaldi",FALSE
"ERISIM","GUVEN","FCV",6,-0.622,0.303,-0.872,-1.127,0.012,0.98,0.8906,2,2,2,4,9.8,0,0.389,4,-0.179,FALSE,FALSE,"Degil","Yok","olcek_Z",0.587,0.674,0.674,0,"kaldi",FALSE
"ERISIM","SOY_index","FCV",6,-0.78,0.253,-1.183,-1.295,-0.299,0.999,0.8906,1,2,2,9.2,19.9,0,0.356,4,-0.016,FALSE,FALSE,"Degil","Yok","olcek_Z",0.587,0.467,0.587,0.1089,"kaldi",FALSE
"ERISIM","GUV_Saglayici","RNS",6,-0.872,0.144,-2.594,-1.128,-0.557,1,0.9844,0,1,1,4.4,11.6,0,0.222,4,-0.026,FALSE,FALSE,"Degil","Yok","olcek_Z",0.611,0.679,0.679,0,"kaldi",FALSE
"ERISIM","GUV_Odeyici","RNS",6,-0.551,0.538,-0.416,-1.552,0.559,0.8474,0.6562,2,3,3,4.2,9.9,0,0.567,4,-0.352,FALSE,FALSE,"Degil","Yok","olcek_Z",0.611,0.662,0.662,0,"kaldi",FALSE
"ERISIM","GUVEN","RNS",6,-0.738,0.232,-1.287,-1.168,-0.248,0.9993,0.6562,1,3,3,4,10.2,0,0.444,4,-0.438,FALSE,FALSE,"Degil","Yok","olcek_Z",0.611,0.695,0.695,0,"kaldi",FALSE
"ERISIM","SOY_index","RNS",6,-0.79,0.22,-1.439,-1.246,-0.408,0.9998,0.8906,0,2,2,9.2,21.2,0,0.378,4,0.211,FALSE,FALSE,"Degil","Yok","olcek_Z",0.611,0.516,0.611,0.1058,"kaldi",FALSE
"ERISIM","GUV_Saglayici","ILT",6,-1.192,0.213,-2.292,-1.547,-0.734,1,0.9844,0,1,1,4.4,16.7,0,0.167,4,0.002,FALSE,FALSE,"Degil","Yok","olcek_Z",0.68,0.739,0.739,0.0002,"kaldi",FALSE
"ERISIM","GUV_Odeyici","ILT",6,-0.859,0.659,-0.518,-2.008,0.633,0.9038,0.9844,1,1,1,4.2,13.8,0,0.222,4,-0.633,FALSE,FALSE,"Degil","Yok","olcek_Z",0.68,0.735,0.735,0.0033,"kaldi",FALSE
"ERISIM","GUVEN","ILT",6,-1.179,0.235,-2.073,-1.616,-0.7,1,0.9844,0,1,1,4,14.9,0,0.167,4,-0.209,FALSE,FALSE,"Degil","Yok","olcek_Z",0.68,0.758,0.758,0.0011,"kaldi",FALSE
"ERISIM","SOY_index","ILT",6,-1.619,0.197,-3.409,-2.061,-1.27,1,0.9844,0,1,1,9.2,44.9,0,0.2,4,0.157,FALSE,FALSE,"Degil","Yok","olcek_Z",0.68,0.567,0.68,0.952,"kaldi",FALSE
"ERISIM","GUV_Saglayici","MEMNUNIYET",6,-1.265,0.159,-3.285,-1.56,-0.923,1,1,0,0,0,4.4,17.1,0,0,4,-0.102,FALSE,FALSE,"Degil","Yok","olcek_Z",0.686,0.743,0.743,0.0001,"kaldi",FALSE
"ERISIM","GUV_Odeyici","MEMNUNIYET",6,-1.187,0.49,-1.009,-2.118,-0.26,0.9923,0.8906,1,2,2,4.2,16.4,0,0.444,4,-0.271,FALSE,FALSE,"Degil","Yok","olcek_Z",0.686,0.726,0.726,0.0007,"kaldi",FALSE
"ERISIM","GUVEN","MEMNUNIYET",6,-1.111,0.311,-1.475,-1.695,-0.492,0.9998,0.8906,1,2,2,4,15.4,0,0.333,4,-0.358,FALSE,FALSE,"Degil","Yok","olcek_Z",0.686,0.76,0.76,0.0004,"kaldi",FALSE
"ERISIM","SOY_index","MEMNUNIYET",6,-1.362,0.284,-1.973,-1.96,-0.794,1,0.9844,0,1,1,9.2,36.3,0,0.233,4,-0.044,FALSE,FALSE,"Degil","Yok","olcek_Z",0.686,0.549,0.686,0.7723,"kaldi",FALSE
"ERISIM","MTT","GUV_Saglayici",6,-1.577,0.554,-1.124,-2.487,-0.395,0.9978,0.8906,1,2,2,3.1,21.6,0,0.344,4,-0.694,FALSE,FALSE,"Degil","Yok","olcek_Z",0.756,0.73,0.756,0,"kaldi",FALSE
"ERISIM","FCV","GUV_Saglayici",6,-1.324,0.579,-0.95,-2.286,-0.028,0.9889,0.8906,1,2,2,6.8,34.2,0,0.456,4,-0.741,FALSE,FALSE,"Degil","Yok","olcek_Z",0.756,0.655,0.756,0.7684,"kaldi",FALSE
"ERISIM","RNS","GUV_Saglayici",6,-1.917,0.425,-1.917,-2.679,-0.976,1,0.6562,0,3,3,7.2,56.6,0,0.433,4,-0.858,FALSE,FALSE,"Degil","Yok","olcek_Z",0.756,0.679,0.756,0.5425,"kaldi",FALSE
"ERISIM","ILT","GUV_Saglayici",6,-1.761,0.331,-2.18,-2.342,-1.098,1,0.8906,0,2,2,5.2,30.6,0,0.378,4,-0.678,FALSE,FALSE,"Degil","Yok","olcek_Z",0.756,0.739,0.756,0.0046,"kaldi",FALSE
"ERISIM","MEMNUNIYET","GUV_Saglayici",6,-1.691,0.373,-1.809,-2.344,-0.901,1,0.8906,1,2,2,4.6,27.4,0,0.267,4,-0.519,FALSE,FALSE,"Degil","Yok","olcek_Z",0.756,0.743,0.756,0.0192,"kaldi",FALSE
"MEMNUNIYET","ERS","GUV_Saglayici",6,-1.814,0.38,-1.967,-2.575,-1.08,1,0.9844,0,1,1,6,32.4,0,0.144,6,0.55,FALSE,FALSE,"Degil","Yok","olcek_Z",0.743,0.617,0.743,0.0055,"kaldi",FALSE
"MEMNUNIYET","KAB","GUV_Saglayici",6,-1.192,0.775,-0.653,-2.321,0.58,0.9379,0.9844,1,1,1,5,20.4,0,0.167,6,0.04,FALSE,FALSE,"Degil","Yok","olcek_Z",0.743,0.717,0.743,0.0004,"kaldi",FALSE
"MEMNUNIYET","UYG","GUV_Saglayici",6,-1.979,0.315,-2.474,-2.654,-1.389,1,0.9844,0,1,1,4.7,27,0,0.222,6,0.254,FALSE,FALSE,"Degil","Yok","olcek_Z",0.743,0.701,0.743,0,"kaldi",FALSE
"MEMNUNIYET","ULS","GUV_Saglayici",6,-1.1,0.385,-1.16,-1.893,-0.417,0.9978,0.8906,1,2,2,4.7,15.7,0,0.4,6,0.544,FALSE,FALSE,"Degil","Yok","olcek_Z",0.743,0.633,0.743,0.0557,"kaldi",FALSE
"MEMNUNIYET","ERISIM","GUV_Saglayici",6,-1.884,0.875,-0.855,-3.662,-0.172,0.9843,0.9844,1,1,1,3.9,19.5,0,0.167,6,0.445,FALSE,FALSE,"Degil","Yok","olcek_Z",0.743,0.756,0.756,0.0003,"kaldi",FALSE
"ERISIM","SOY_index","GUV_Saglayici",6,-1.325,0.218,-2.495,-1.766,-0.872,1,0.9844,0,1,1,9.2,34.8,0,0.233,4,-0.622,FALSE,FALSE,"Degil","Yok","olcek_Z",0.756,0.49,0.756,0.159,"kaldi",FALSE
"MEMNUNIYET","SOY_index","GUV_Saglayici",6,-1.086,0.39,-1.185,-2.009,-0.446,0.9973,1,0,0,0,7,13.4,0,0.144,6,0.711,FALSE,FALSE,"Degil","Yok","olcek_Z",0.743,0.49,0.743,0.5211,"kaldi",FALSE
"ERISIM","MTT","GUV_Odeyici",6,-1.947,0.257,-3.062,-2.429,-1.436,1,1,0,0,0,3.1,20.8,0,0.067,4,-0.417,FALSE,FALSE,"Degil","Yok","olcek_Z",0.695,0.687,0.695,0,"kaldi",FALSE
"ERISIM","FCV","GUV_Odeyici",6,-1.528,0.312,-1.991,-2.13,-0.905,1,0.8906,0,2,2,6.8,33.6,0,0.422,4,-0.881,FALSE,FALSE,"Degil","Yok","olcek_Z",0.695,0.646,0.695,0.5476,"kaldi",FALSE
"ERISIM","RNS","GUV_Odeyici",6,-1.692,0.368,-1.877,-2.344,-0.923,1,0.8906,0,2,2,7.2,43.2,0,0.422,4,-0.961,FALSE,FALSE,"Degil","Yok","olcek_Z",0.695,0.662,0.695,0.5888,"kaldi",FALSE
"ERISIM","ILT","GUV_Odeyici",6,-1.425,0.294,-1.942,-1.949,-0.819,1,0.9844,0,1,1,5.2,23,0,0.278,4,-0.824,FALSE,FALSE,"Degil","Yok","olcek_Z",0.695,0.735,0.735,0.0043,"kaldi",FALSE
"ERISIM","MEMNUNIYET","GUV_Odeyici",6,-1.692,0.24,-2.952,-2.146,-1.201,1,0.9844,0,1,1,4.6,25.3,0,0.2,4,-0.646,FALSE,FALSE,"Degil","Yok","olcek_Z",0.695,0.726,0.726,0.0061,"kaldi",FALSE
"MEMNUNIYET","ERS","GUV_Odeyici",6,-1.467,0.433,-1.408,-2.302,-0.603,0.9996,0.8906,0,2,2,6,24.8,0,0.344,6,0.444,FALSE,FALSE,"Degil","Yok","olcek_Z",0.726,0.569,0.726,0.0046,"kaldi",FALSE
"MEMNUNIYET","KAB","GUV_Odeyici",6,-0.539,0.706,-0.309,-1.798,1.011,0.7773,0.8906,2,2,2,5,17.4,0,0.422,6,-0.6,FALSE,FALSE,"Degil","Yok","olcek_Z",0.726,0.666,0.726,0.0001,"kaldi",FALSE
"MEMNUNIYET","UYG","GUV_Odeyici",6,-1.831,0.351,-2.102,-2.608,-1.174,1,1,0,0,0,4.7,23.5,0,0.056,6,0.113,FALSE,FALSE,"Degil","Yok","olcek_Z",0.726,0.655,0.726,0,"kaldi",FALSE
"MEMNUNIYET","ULS","GUV_Odeyici",6,-0.866,0.478,-0.715,-1.749,0.091,0.9649,0.8906,2,2,2,4.7,14.1,0,0.4,6,0.46,FALSE,FALSE,"Degil","Yok","olcek_Z",0.726,0.583,0.726,0.3738,"kaldi",FALSE
"MEMNUNIYET","ERISIM","GUV_Odeyici",6,-2.065,0.72,-1.173,-3.589,-0.679,0.9979,0.9844,1,1,1,3.9,19.5,0,0.2,6,0.505,FALSE,FALSE,"Degil","Yok","olcek_Z",0.726,0.695,0.726,0,"kaldi",FALSE
"ERISIM","SOY_index","GUV_Odeyici",6,-1.315,0.183,-3.005,-1.627,-0.914,1,1,0,0,0,9.2,34.5,0,0.178,4,-0.712,FALSE,FALSE,"Degil","Yok","olcek_Z",0.695,0.487,0.695,0.3006,"kaldi",FALSE
"MEMNUNIYET","SOY_index","GUV_Odeyici",6,-0.935,0.385,-0.946,-1.79,-0.311,0.9923,0.8906,1,1,2,7,11.8,0,0.211,6,0.616,FALSE,FALSE,"Degil","Yok","olcek_Z",0.726,0.487,0.726,0.6522,"kaldi",FALSE
"ERISIM","MTT","GUVEN",6,-1.784,0.471,-1.512,-2.581,-0.8,0.9999,0.8906,1,2,2,3.1,23.8,0,0.267,4,-0.708,FALSE,FALSE,"Degil","Yok","olcek_Z",0.754,0.734,0.754,0,"kaldi",FALSE
"ERISIM","FCV","GUVEN",6,-1.809,0.397,-1.841,-2.5,-0.94,1,0.8906,1,2,2,6.8,45.2,0,0.422,4,-0.786,FALSE,FALSE,"Degil","Yok","olcek_Z",0.754,0.674,0.754,0.9874,"kaldi",FALSE
"ERISIM","RNS","GUVEN",6,-1.961,0.495,-1.642,-2.76,-0.856,1,0.8906,1,2,2,7.2,61.4,0,0.367,4,-0.828,FALSE,FALSE,"Degil","Yok","olcek_Z",0.754,0.695,0.754,0.3275,"kaldi",FALSE
"ERISIM","ILT","GUVEN",6,-1.749,0.393,-1.864,-2.378,-0.869,1,0.8906,1,2,2,5.2,30.8,0,0.378,4,-0.639,FALSE,FALSE,"Degil","Yok","olcek_Z",0.754,0.758,0.758,0.0116,"kaldi",FALSE
"ERISIM","MEMNUNIYET","GUVEN",6,-1.286,0.78,-0.66,-2.435,0.474,0.9505,0.9844,1,1,1,4.6,29.4,0,0.233,4,-0.594,FALSE,FALSE,"Degil","Yok","olcek_Z",0.754,0.76,0.76,0.0321,"kaldi",FALSE
"MEMNUNIYET","ERS","GUVEN",6,-1.986,0.381,-2.189,-2.776,-1.231,1,0.9844,0,1,1,6,36.7,0,0.144,6,0.626,FALSE,FALSE,"Degil","Yok","olcek_Z",0.76,0.612,0.76,0.0049,"kaldi",FALSE
"MEMNUNIYET","KAB","GUVEN",6,-0.119,1.569,-0.031,-2.051,3.337,0.5304,0.8906,1,2,2,5,22.2,0,0.333,6,-0.075,FALSE,FALSE,"Degil","Yok","olcek_Z",0.76,0.716,0.76,0.0002,"kaldi",FALSE
"MEMNUNIYET","UYG","GUVEN",6,-2.128,0.391,-2.321,-2.99,-1.434,1,0.9844,0,1,1,4.7,31.1,0,0.2,6,0.256,FALSE,FALSE,"Degil","Yok","olcek_Z",0.76,0.703,0.76,0,"kaldi",FALSE
"MEMNUNIYET","ULS","GUVEN",6,-1.241,0.406,-1.23,-2.096,-0.467,0.9989,0.6562,0,3,3,4.7,17.4,0,0.433,6,0.67,FALSE,FALSE,"Degil","Yok","olcek_Z",0.76,0.633,0.76,0.1537,"kaldi",FALSE
"MEMNUNIYET","ERISIM","GUVEN",6,-2.016,0.941,-0.878,-3.885,0.008,0.9839,0.9844,1,1,1,3.9,23.4,0,0.222,6,0.441,FALSE,FALSE,"Degil","Yok","olcek_Z",0.76,0.754,0.76,0.0001,"kaldi",FALSE
"ERISIM","SOY_index","GUVEN",6,-1.43,0.207,-2.808,-1.808,-0.994,1,1,0,0,0,9.2,37.8,0,0.144,4,-0.414,FALSE,FALSE,"Degil","Yok","olcek_Z",0.754,0.506,0.754,0.1512,"kaldi",FALSE
"MEMNUNIYET","SOY_index","GUVEN",6,-0.983,0.37,-1.094,-1.801,-0.414,0.9961,1,0,0,0,7,12.9,0,0.178,6,0.641,FALSE,FALSE,"Degil","Yok","olcek_Z",0.76,0.506,0.76,0.5435,"kaldi",FALSE
"ERISIM","MTT","SOY_index",6,-0.697,0.432,-0.666,-1.469,0.156,0.9469,0.8906,1,2,2,3.1,7.9,0,0.422,4,-0.18,FALSE,FALSE,"Degil","Yok","olcek_Z",0.498,0.533,0.533,0.0022,"kaldi",FALSE
"ERISIM","FCV","SOY_index",6,-0.076,0.473,-0.065,-0.812,0.949,0.5635,0.8906,2,2,2,6.8,10.7,0,0.422,4,-0.541,FALSE,FALSE,"Degil","Yok","olcek_Z",0.498,0.467,0.498,0.4007,"kaldi",FALSE
"ERISIM","RNS","SOY_index",6,-0.256,0.28,-0.37,-0.783,0.325,0.8194,0.3437,2,4,4,7.2,12.2,0,0.678,4,-0.495,FALSE,FALSE,"Degil","Yok","olcek_Z",0.498,0.516,0.516,0.6976,"kaldi",FALSE
"ERISIM","ILT","SOY_index",6,-0.521,0.338,-0.634,-1.001,0.227,0.9383,0.9844,1,1,1,5.2,9.3,0,0.289,4,-0.408,FALSE,FALSE,"Degil","Yok","olcek_Z",0.498,0.567,0.567,0.0031,"kaldi",FALSE
"ERISIM","MEMNUNIYET","SOY_index",6,-0.225,0.681,-0.138,-1.244,1.298,0.6294,0.9844,1,1,1,4.6,9,0,0.233,4,-0.348,FALSE,FALSE,"Degil","Yok","olcek_Z",0.498,0.549,0.549,0.0319,"kaldi",FALSE
"MEMNUNIYET","ERS","SOY_index",6,-0.45,0.192,-0.946,-0.867,-0.075,0.9906,0.8906,1,2,2,6,8.5,0,0.289,6,0.459,FALSE,FALSE,"Degil","Yok","olcek_Z",0.549,0.413,0.549,0.3432,"kaldi",FALSE
"MEMNUNIYET","KAB","SOY_index",6,-0.499,0.458,-0.439,-1.412,0.38,0.862,0.8906,2,2,2,5,8.2,0,0.456,6,0.01,FALSE,FALSE,"Degil","Yok","olcek_Z",0.549,0.453,0.549,0.1771,"kaldi",FALSE
"MEMNUNIYET","UYG","SOY_index",6,-0.819,0.393,-0.819,-1.653,-0.118,0.9813,0.9844,1,1,1,4.7,9.3,0,0.2,6,0.335,FALSE,FALSE,"Degil","Yok","olcek_Z",0.549,0.472,0.549,0.1956,"kaldi",FALSE
"MEMNUNIYET","ULS","SOY_index",6,0.029,0.467,0.025,-0.709,1.035,0.4752,0.8906,2,1,2,4.7,6.3,0,0.344,6,-0.511,FALSE,FALSE,"Degil","Yok","olcek_Z",0.549,0.429,0.549,0.2728,"kaldi",FALSE
"MEMNUNIYET","ERISIM","SOY_index",6,-0.873,0.459,-0.762,-1.72,0.048,0.9715,0.9844,1,1,1,3.9,6.5,0,0.233,6,0.5,FALSE,FALSE,"Degil","Yok","olcek_Z",0.549,0.498,0.549,0.2769,"kaldi",FALSE
"ERISIM","GUV_Saglayici","SOY_index",6,-0.086,0.33,-0.11,-0.649,0.598,0.6033,0.6562,2,3,3,4.4,7,0,0.444,4,-0.6,FALSE,FALSE,"Degil","Yok","olcek_Z",0.498,0.49,0.498,0.1033,"kaldi",FALSE
"MEMNUNIYET","GUV_Saglayici","SOY_index",6,-0.316,0.356,-0.35,-0.841,0.484,0.8126,0.9844,1,1,1,3.8,7.2,0,0.256,6,-0.568,FALSE,FALSE,"Degil","Yok","olcek_Z",0.549,0.49,0.549,0.6748,"kaldi",FALSE
"ERISIM","GUV_Odeyici","SOY_index",6,-0.283,0.444,-0.272,-1.085,0.613,0.7381,0.8906,2,2,2,4.2,6.9,0,0.456,4,-0.209,FALSE,FALSE,"Degil","Yok","olcek_Z",0.498,0.487,0.498,0.1325,"kaldi",FALSE
"MEMNUNIYET","GUV_Odeyici","SOY_index",6,-0.388,0.261,-0.594,-0.845,0.207,0.9315,0.9844,1,1,1,3.8,6.2,0,0.344,6,-0.518,FALSE,FALSE,"Degil","Yok","olcek_Z",0.549,0.487,0.549,0.9108,"kaldi",FALSE
"ERISIM","GUVEN","SOY_index",6,-0.153,0.362,-0.175,-0.84,0.558,0.6634,0.8906,2,2,2,4,6.7,0,0.389,4,-0.486,FALSE,FALSE,"Degil","Yok","olcek_Z",0.498,0.506,0.506,0.1364,"kaldi",FALSE
"MEMNUNIYET","GUVEN","SOY_index",6,-0.354,0.257,-0.556,-0.768,0.22,0.9154,0.9844,1,1,1,3.5,6.1,0,0.256,6,-0.602,FALSE,FALSE,"Degil","Yok","olcek_Z",0.549,0.506,0.549,0.8504,"kaldi",FALSE
"ERISIM","MTT","Yas",5,0.055,0.032,0.788,-0.001,0.111,0.0441,0.5,3,3,3,3.3,3.2,0.2,0.68,3,0.33,TRUE,FALSE,"Degil","Yok","olcek_Z",-0.072,-0.027,0.072,0.5125,"gecti",FALSE
"ERISIM","FCV","Yas",5,0.049,0.035,0.615,-0.018,0.118,0.0826,0.5,3,3,3,7.5,7.2,0,0.64,3,0.199,FALSE,FALSE,"Degil","Yok","olcek_Z",-0.072,-0.149,0.149,0.608,"gecti",FALSE
"ERISIM","RNS","Yas",5,-0.021,0.052,-0.19,-0.14,0.061,0.6541,0.5,2,3,3,7.5,7.4,0.2,0.507,3,-0.424,FALSE,FALSE,"Degil","Yok","olcek_Z",-0.072,-0.131,0.131,0.4862,"gecti",FALSE
"ERISIM","ILT","Yas",5,-0.027,0.045,-0.277,-0.125,0.05,0.7249,0.5,2,3,3,5.9,5.9,0.2,0.507,3,-0.498,FALSE,FALSE,"Degil","Yok","olcek_Z",-0.072,-0.11,0.11,0.9588,"gecti",FALSE
"ERISIM","MEMNUNIYET","Yas",5,-0.01,0.033,-0.141,-0.074,0.058,0.6209,0.8125,2,2,2,4.8,4.7,0,0.48,3,-0.495,FALSE,FALSE,"Degil","Yok","olcek_Z",-0.072,-0.11,0.11,0.5928,"gecti",FALSE
"MEMNUNIYET","ERS","Yas",5,-0.154,0.108,-0.619,-0.393,-0.003,0.9221,0.9688,1,1,1,6.8,7.1,0.643,0.293,5,0.773,FALSE,FALSE,"Degil","Yok","olcek_Z",-0.11,0.015,0.11,0.5411,"gecti",FALSE
"MEMNUNIYET","KAB","Yas",5,-0.026,0.038,-0.312,-0.103,0.044,0.7522,0.8125,2,1,2,5.8,5.9,0.653,0.347,5,0.25,FALSE,FALSE,"Degil","Yok","olcek_Z",-0.11,-0.083,0.11,0.1794,"gecti",FALSE
"MEMNUNIYET","UYG","Yas",5,-0.045,0.051,-0.384,-0.141,0.065,0.8124,0.8125,2,2,2,5.5,5.7,0.642,0.32,5,0.312,FALSE,FALSE,"Degil","Yok","olcek_Z",-0.11,-0.058,0.11,0.0855,"gecti",FALSE
"MEMNUNIYET","ULS","Yas",5,-0.042,0.014,-1.331,-0.07,-0.014,0.9987,0.9688,0,1,1,5.3,5.7,0.6,0.347,5,-0.747,FALSE,FALSE,"Degil","Yok","olcek_Z",-0.11,-0.091,0.11,0.8602,"gecti",FALSE
"MEMNUNIYET","ERISIM","Yas",5,-0.231,0.315,-0.316,-0.88,0.314,0.7685,0.5,3,1,3,4.1,4.2,0.618,0.347,5,0.611,FALSE,FALSE,"Degil","Yok","olcek_Z",-0.11,-0.072,0.11,0.2629,"gecti",FALSE
"ERISIM","GUV_Saglayici","Yas",5,0.016,0.015,0.503,-0.01,0.048,0.1305,0.5,3,3,3,4.6,4.6,0,0.52,3,-0.772,FALSE,FALSE,"Degil","Yok","olcek_Z",-0.072,-0.088,0.088,0.0686,"gecti",FALSE
"MEMNUNIYET","GUV_Saglayici","Yas",5,-0.005,0.067,-0.032,-0.112,0.139,0.5274,0.9688,1,1,1,4.1,4.2,0.604,0.28,5,0.201,FALSE,FALSE,"Degil","Yok","olcek_Z",-0.11,-0.088,0.11,0.1193,"gecti",FALSE
"ERISIM","GUV_Odeyici","Yas",5,0.005,0.008,0.29,-0.01,0.02,0.2591,0.1875,4,3,4,4.9,4.9,0.22,0.68,3,-0.224,FALSE,FALSE,"Degil","Yok","olcek_Z",-0.072,-0.111,0.111,0.646,"gecti",FALSE
"MEMNUNIYET","GUV_Odeyici","Yas",5,-0.135,0.072,-0.878,-0.293,-0.023,0.97,0.9688,1,1,1,3.7,4,0.608,0.293,5,0.277,FALSE,FALSE,"Degil","Yok","olcek_Z",-0.11,-0.111,0.111,0.0232,"kaldi",FALSE
"ERISIM","GUVEN","Yas",5,0.015,0.012,0.53,-0.011,0.041,0.1186,0.1875,4,2,4,4.4,4.3,0,0.613,3,-0.655,FALSE,FALSE,"Degil","Yok","olcek_Z",-0.072,-0.101,0.101,0.1591,"gecti",FALSE
"MEMNUNIYET","GUVEN","Yas",5,-0.02,0.05,-0.188,-0.1,0.086,0.655,0.8125,1,2,2,3.6,3.7,0.405,0.387,5,0.18,FALSE,FALSE,"Degil","Yok","olcek_Z",-0.11,-0.101,0.11,0.0681,"gecti",FALSE
"ERISIM","SOY_index","Yas",5,-0.001,0.056,-0.005,-0.104,0.12,0.5044,0.8125,2,2,2,8.2,8.2,0.2,0.48,3,-0.621,FALSE,FALSE,"Degil","Yok","olcek_Z",-0.072,-0.099,0.099,0.1468,"gecti",FALSE
"MEMNUNIYET","SOY_index","Yas",5,0.113,0.124,0.388,-0.056,0.403,0.1797,0.8125,2,2,2,8.3,8.5,0.4,0.507,5,-0.688,FALSE,FALSE,"Degil","Yok","olcek_Z",-0.11,-0.099,0.11,0.4649,"gecti",FALSE
"ERISIM","MTT","Longstring",6,-0.02,0.08,-0.106,-0.195,0.136,0.5977,0.3437,3,3,4,3.1,3.2,0.338,0.533,4,-0.051,FALSE,FALSE,"Degil","Yok","stil_Z",0.107,0.086,0.107,0,"kaldi",FALSE
"ERISIM","FCV","Longstring",6,-0.054,0.12,-0.184,-0.27,0.179,0.6737,0.8906,2,1,2,6.8,6.7,0.5,0.211,4,-0.046,FALSE,FALSE,"Degil","Yok","stil_Z",0.107,0.213,0.213,0,"kaldi",FALSE
"ERISIM","RNS","Longstring",6,0.423,0.404,0.422,-0.093,1.346,0.1477,0.8906,2,2,2,7.2,7.1,0.333,0.411,4,0.299,FALSE,FALSE,"Degil","Yok","stil_Z",0.107,0.272,0.272,0,"kaldi",FALSE
"ERISIM","ILT","Longstring",6,0.008,0.039,0.086,-0.063,0.09,0.4161,0.8906,2,2,2,5.2,5.2,0.333,0.3,4,0.33,FALSE,FALSE,"Degil","Yok","stil_Z",0.107,0.149,0.149,0.0001,"kaldi",FALSE
"ERISIM","MEMNUNIYET","Longstring",6,0.06,0.069,0.339,-0.066,0.205,0.1935,0.8906,2,2,2,4.6,4.4,0.333,0.356,4,0.396,FALSE,FALSE,"Degil","Yok","stil_Z",0.107,0.205,0.205,0,"kaldi",FALSE
"MEMNUNIYET","ERS","Longstring",6,0.086,0.178,0.202,-0.162,0.483,0.3139,0.8906,2,1,2,6,6.5,0.501,0.344,6,-0.606,FALSE,FALSE,"Degil","Yok","stil_Z",0.205,0.039,0.205,0.0146,"kaldi",FALSE
"MEMNUNIYET","KAB","Longstring",6,-0.133,0.074,-0.734,-0.302,-0.024,0.9635,0.9844,1,1,1,5,5.3,0.909,0.278,6,0.12,FALSE,FALSE,"Degil","Yok","stil_Z",0.205,0.087,0.205,0,"kaldi",FALSE
"MEMNUNIYET","UYG","Longstring",6,0.829,0.673,0.515,-0.019,2.344,0.1088,0.1094,4,5,5,4.7,4.6,0.401,0.756,6,-0.343,FALSE,FALSE,"Degil","Yok","stil_Z",0.205,0.057,0.205,0,"kaldi",FALSE
"MEMNUNIYET","ULS","Longstring",6,0.058,0.109,0.213,-0.149,0.272,0.2974,0.3437,4,4,4,4.7,4.2,0,0.544,6,0.204,FALSE,FALSE,"Degil","Yok","stil_Z",0.205,0.161,0.205,0.0004,"kaldi",FALSE
"MEMNUNIYET","ERISIM","Longstring",6,0.305,0.188,0.678,-0.021,0.712,0.0528,0.1094,4,5,5,3.9,3.9,0.418,0.789,6,-0.693,FALSE,FALSE,"Degil","Yok","stil_Z",0.205,0.107,0.205,0,"kaldi",FALSE
"ERISIM","GUV_Saglayici","Longstring",6,-0.059,0.028,-0.871,-0.124,-0.013,0.9832,0.9844,1,0,1,4.4,4.6,0.167,0.089,4,-0.186,FALSE,FALSE,"Degil","Yok","stil_Z",0.107,0.153,0.153,0.0004,"kaldi",FALSE
"MEMNUNIYET","GUV_Saglayici","Longstring",6,-0.006,0.038,-0.067,-0.093,0.049,0.565,0.3437,4,4,4,3.8,3.8,0.003,0.578,6,0.575,FALSE,FALSE,"Degil","Yok","stil_Z",0.205,0.153,0.205,0,"kaldi",FALSE
"ERISIM","GUV_Odeyici","Longstring",6,-0.163,0.112,-0.608,-0.389,0.031,0.9275,0.8906,2,0,2,4.2,4.4,0.014,0.144,4,-0.359,FALSE,FALSE,"Degil","Yok","stil_Z",0.107,0.181,0.181,0,"kaldi",FALSE
"MEMNUNIYET","GUV_Odeyici","Longstring",6,-0.082,0.059,-0.558,-0.201,0.024,0.9178,0.6562,3,3,3,3.8,3.9,0,0.467,6,0.532,FALSE,FALSE,"Degil","Yok","stil_Z",0.205,0.181,0.205,0,"kaldi",FALSE
"ERISIM","GUVEN","Longstring",6,-0.092,0.048,-0.789,-0.194,-0.01,0.9725,0.9844,1,0,1,4,4.2,0.167,0.122,4,-0.321,FALSE,FALSE,"Degil","Yok","stil_Z",0.107,0.18,0.18,0.0001,"kaldi",FALSE
"MEMNUNIYET","GUVEN","Longstring",6,-0.029,0.053,-0.23,-0.149,0.052,0.7089,0.3437,4,4,4,3.5,3.5,0,0.522,6,0.614,FALSE,FALSE,"Degil","Yok","stil_Z",0.205,0.18,0.205,0,"kaldi",FALSE
"ERISIM","SOY_index","Longstring",6,0.058,0.06,0.398,-0.027,0.191,0.1633,0.6562,2,3,3,9.2,9,0,0.489,4,0.386,FALSE,FALSE,"Degil","Yok","stil_Z",0.107,0.16,0.16,0.0024,"kaldi",FALSE
"MEMNUNIYET","SOY_index","Longstring",6,-0.391,0.221,-0.731,-0.862,-0.022,0.9617,0.9844,1,1,1,7,7.5,0.167,0.233,6,0.706,FALSE,FALSE,"Degil","Yok","stil_Z",0.205,0.16,0.205,0,"kaldi",FALSE
"ERISIM","MTT","IRV",6,0.224,0.35,0.254,-0.294,1.029,0.2604,0.6562,3,2,3,3.1,3,0.738,0.344,4,0.49,FALSE,FALSE,"Degil","Yok","stil_Z",-0.172,0.028,0.172,0,"kaldi",FALSE
"ERISIM","FCV","IRV",6,0.004,0.083,0.022,-0.139,0.182,0.4788,0.8906,2,2,2,6.8,6.9,0.181,0.389,4,0.664,FALSE,FALSE,"Degil","Yok","stil_Z",-0.172,-0.145,0.172,0,"kaldi",FALSE
"ERISIM","RNS","IRV",6,-0.068,0.094,-0.294,-0.205,0.139,0.7656,0.9844,1,1,1,7.2,7.7,0.167,0.222,4,0.389,FALSE,FALSE,"Degil","Yok","stil_Z",-0.172,-0.184,0.184,0,"kaldi",FALSE
"ERISIM","ILT","IRV",6,0.117,0.15,0.323,-0.152,0.425,0.2182,0.3437,4,4,4,5.2,4.9,0.48,0.689,4,0.744,FALSE,FALSE,"Degil","Yok","stil_Z",-0.172,-0.036,0.172,0,"kaldi",FALSE
"ERISIM","MEMNUNIYET","IRV",6,0.092,0.193,0.199,-0.255,0.506,0.3171,0.6562,3,3,3,4.6,4.2,0.554,0.5,4,0.73,FALSE,FALSE,"Degil","Yok","stil_Z",-0.172,-0.102,0.172,0,"kaldi",FALSE
"MEMNUNIYET","ERS","IRV",6,-0.054,0.068,-0.331,-0.183,0.079,0.7872,0.8906,2,2,2,6,6.1,0.674,0.411,6,0.425,FALSE,FALSE,"Degil","Yok","stil_Z",-0.102,-0.058,0.102,0,"kaldi",FALSE
"MEMNUNIYET","KAB","IRV",6,-0.151,0.159,-0.395,-0.502,0.114,0.8292,0.6562,3,3,3,5,5.2,0.648,0.467,6,0.4,FALSE,FALSE,"Degil","Yok","stil_Z",-0.102,-0.154,0.154,0,"kaldi",FALSE
"MEMNUNIYET","UYG","IRV",6,0.03,0.228,0.053,-0.447,0.494,0.4475,0.6562,2,3,3,4.7,4.8,0.678,0.411,6,-0.04,FALSE,FALSE,"Degil","Yok","stil_Z",-0.102,-0.077,0.102,0,"kaldi",FALSE
"MEMNUNIYET","ULS","IRV",6,0.069,0.077,0.363,-0.085,0.231,0.1853,0.6562,3,2,3,4.7,4.3,0.177,0.4,6,0.264,FALSE,FALSE,"Degil","Yok","stil_Z",-0.102,-0.277,0.277,0,"kaldi",FALSE
"MEMNUNIYET","ERISIM","IRV",6,0.006,0.37,0.006,-0.765,0.674,0.494,0.3437,4,3,4,3.9,4,0.465,0.522,6,-0.156,FALSE,FALSE,"Degil","Yok","stil_Z",-0.102,-0.172,0.172,0,"kaldi",FALSE
"ERISIM","GUV_Saglayici","IRV",6,0.127,0.15,0.343,-0.175,0.432,0.1989,0.6562,3,3,3,4.4,3.9,0.541,0.467,4,0.639,FALSE,FALSE,"Degil","Yok","stil_Z",-0.172,-0.067,0.172,0,"kaldi",FALSE
"MEMNUNIYET","GUV_Saglayici","IRV",6,0.023,0.022,0.419,-0.02,0.065,0.1528,0.3437,4,4,4,3.8,3.7,0.178,0.689,6,0.716,FALSE,FALSE,"Degil","Yok","stil_Z",-0.102,-0.067,0.102,0,"kaldi",FALSE
"ERISIM","GUV_Odeyici","IRV",6,-0.135,0.068,-0.801,-0.268,0.006,0.9758,0.8906,2,0,2,4.2,4.4,0.865,0.122,4,0.236,FALSE,FALSE,"Degil","Yok","stil_Z",-0.172,-0.098,0.172,0,"kaldi",FALSE
"MEMNUNIYET","GUV_Odeyici","IRV",6,-0.082,0.084,-0.397,-0.267,0.024,0.8357,0.3437,4,4,4,3.8,3.9,0.196,0.656,6,0.081,FALSE,FALSE,"Degil","Yok","stil_Z",-0.102,-0.098,0.102,0,"kaldi",FALSE
"ERISIM","GUVEN","IRV",6,0.209,0.229,0.37,-0.151,0.708,0.1812,0.6562,3,3,3,4,3.7,0.538,0.378,4,0.537,FALSE,FALSE,"Degil","Yok","stil_Z",-0.172,-0.097,0.172,0,"kaldi",FALSE
"MEMNUNIYET","GUVEN","IRV",6,0.009,0.022,0.175,-0.032,0.053,0.3385,0.3437,4,4,4,3.5,3.4,0.186,0.689,6,0.593,FALSE,FALSE,"Degil","Yok","stil_Z",-0.102,-0.097,0.102,0,"kaldi",FALSE
"ERISIM","SOY_index","IRV",6,0.071,0.105,0.273,-0.144,0.252,0.2485,0.3437,4,4,4,9.2,8.5,0.48,0.6,4,0.739,FALSE,FALSE,"Degil","Yok","stil_Z",-0.172,-0.058,0.172,0,"kaldi",FALSE
"MEMNUNIYET","SOY_index","IRV",6,0.031,0.025,0.506,-0.013,0.081,0.1063,0.1094,4,4,5,7,6.9,0.224,0.633,6,0.212,FALSE,FALSE,"Degil","Yok","stil_Z",-0.102,-0.058,0.102,0,"kaldi",FALSE
"ERISIM","MTT","Kabullenici",6,0.021,0.123,0.068,-0.216,0.257,0.4337,0.3437,3,4,4,3.1,3,0,0.6,4,-0.035,FALSE,FALSE,"Degil","Yok","stil_Z",-0.182,-0.205,0.205,0.6237,"gecti",FALSE
"ERISIM","FCV","Kabullenici",6,0.514,0.427,0.473,-0.068,1.498,0.114,0.3437,2,4,4,6.8,5.9,0,0.622,4,0.24,FALSE,FALSE,"Degil","Yok","stil_Z",-0.182,-0.218,0.218,0.1231,"gecti",FALSE
"ERISIM","RNS","Kabullenici",6,0.095,0.077,0.497,-0.051,0.241,0.109,0.3437,3,4,4,7.2,6.5,0,0.6,4,-0.152,FALSE,FALSE,"Degil","Yok","stil_Z",-0.182,-0.201,0.201,0.2714,"gecti",FALSE
"ERISIM","ILT","Kabullenici",6,0.111,0.148,0.3,-0.166,0.407,0.2252,0.1094,4,5,5,5.2,4.6,0,0.711,4,0.019,FALSE,FALSE,"Degil","Yok","stil_Z",-0.182,-0.196,0.196,0.3385,"gecti",FALSE
"ERISIM","MEMNUNIYET","Kabullenici",6,0.059,0.148,0.159,-0.229,0.347,0.3452,0.3437,4,4,4,4.6,4,0,0.6,4,0.173,FALSE,FALSE,"Degil","Yok","stil_Z",-0.182,-0.216,0.216,0.4285,"gecti",FALSE
"MEMNUNIYET","ERS","Kabullenici",6,0.242,0.138,0.731,0.028,0.551,0.0397,0.1094,5,5,5,6,5.6,0.198,0.822,6,-0.705,TRUE,FALSE,"Degil","Yok","stil_Z",-0.216,-0.117,0.216,0.1901,"gecti",FALSE
"MEMNUNIYET","KAB","Kabullenici",6,-0.358,0.188,-0.779,-0.779,-0.073,0.9712,0.8906,1,2,2,5,6,0,0.244,6,0.458,FALSE,FALSE,"Degil","Yok","stil_Z",-0.216,-0.174,0.216,0.1152,"gecti",FALSE
"MEMNUNIYET","UYG","Kabullenici",6,0.124,0.206,0.236,-0.207,0.56,0.2725,0.6562,3,2,3,4.7,4.8,0.512,0.4,6,-0.029,FALSE,FALSE,"Degil","Yok","stil_Z",-0.216,-0.156,0.216,0.2831,"gecti",FALSE
"MEMNUNIYET","ULS","Kabullenici",6,-0.296,0.11,-1.057,-0.517,-0.083,0.9964,0.8906,2,2,2,4.7,5.8,0,0.267,6,0.806,FALSE,FALSE,"Degil","Yok","stil_Z",-0.216,-0.164,0.216,0.7094,"gecti",FALSE
"MEMNUNIYET","ERISIM","Kabullenici",6,-0.268,0.217,-0.5,-0.751,0.092,0.8918,0.6562,2,3,3,3.9,4,0.167,0.467,6,0.629,FALSE,FALSE,"Degil","Yok","stil_Z",-0.216,-0.182,0.216,0.1599,"gecti",FALSE
"ERISIM","GUV_Saglayici","Kabullenici",6,0.233,0.147,0.625,-0.034,0.52,0.0558,0.3437,4,3,4,4.4,3.9,0,0.567,4,0.514,FALSE,FALSE,"Degil","Yok","stil_Z",-0.182,-0.335,0.335,0.7957,"kaldi",FALSE
"MEMNUNIYET","GUV_Saglayici","Kabullenici",6,-0.336,0.129,-1.081,-0.559,-0.063,0.9954,0.9844,1,1,1,3.8,5.5,0,0.289,6,-0.099,FALSE,FALSE,"Degil","Yok","stil_Z",-0.216,-0.335,0.335,0.0824,"kaldi",FALSE
"ERISIM","GUV_Odeyici","Kabullenici",6,-0.197,0.126,-0.639,-0.465,0.006,0.941,0.8906,2,2,2,4.2,4.7,0,0.478,4,-0.41,FALSE,FALSE,"Degil","Yok","stil_Z",-0.182,-0.184,0.184,0.054,"gecti",FALSE
"MEMNUNIYET","GUV_Odeyici","Kabullenici",6,-0.366,0.09,-1.744,-0.559,-0.197,1,1,0,0,0,3.8,5.3,0,0.089,6,0.046,FALSE,FALSE,"Degil","Yok","stil_Z",-0.216,-0.184,0.216,0.8584,"gecti",FALSE
"ERISIM","GUVEN","Kabullenici",6,0.47,0.327,0.583,-0.043,1.175,0.0755,0.3437,3,4,4,4,3.5,0,0.6,4,0.415,FALSE,FALSE,"Degil","Yok","stil_Z",-0.182,-0.307,0.307,0.3085,"kaldi",FALSE
"MEMNUNIYET","GUVEN","Kabullenici",6,-0.406,0.109,-1.544,-0.618,-0.182,0.9999,0.9844,0,1,1,3.5,5.4,0,0.256,6,-0.031,FALSE,FALSE,"Degil","Yok","stil_Z",-0.216,-0.307,0.307,0.4273,"kaldi",FALSE
"ERISIM","SOY_index","Kabullenici",6,0.095,0.207,0.184,-0.328,0.531,0.3238,0.3437,3,4,4,9.2,9.2,0.169,0.544,4,-0.73,FALSE,FALSE,"Degil","Yok","stil_Z",-0.182,-0.061,0.182,0.3463,"gecti",FALSE
"MEMNUNIYET","SOY_index","Kabullenici",6,-0.553,0.309,-0.711,-1.229,-0.01,0.9635,0.8906,1,2,2,7,7.9,0.86,0.322,6,0.684,FALSE,FALSE,"Degil","Yok","stil_Z",-0.216,-0.061,0.216,0.0926,"gecti",FALSE
"ERISIM","MTT","FarkliSecenek",6,0.182,0.186,0.379,-0.122,0.616,0.1643,0.6562,3,3,3,3.1,3.1,0,0.567,4,0.313,FALSE,FALSE,"Degil","Yok","stil_Z",0.003,0.089,0.089,0,"kaldi",FALSE
"ERISIM","FCV","FarkliSecenek",6,-0.009,0.048,-0.079,-0.105,0.082,0.5757,0.6562,3,2,3,6.8,6.6,0.716,0.378,4,-0.393,FALSE,FALSE,"Degil","Yok","stil_Z",0.003,-0.055,0.055,0,"kaldi",FALSE
"ERISIM","RNS","FarkliSecenek",6,0.106,0.071,0.61,-0.032,0.253,0.0676,0.3437,4,3,4,7.2,6.6,0.514,0.578,4,-0.037,FALSE,FALSE,"Degil","Yok","stil_Z",0.003,-0.108,0.108,0,"kaldi",FALSE
"ERISIM","ILT","FarkliSecenek",6,-0.012,0.063,-0.077,-0.102,0.134,0.5726,0.8906,2,2,2,5.2,5.4,0.393,0.322,4,0.358,FALSE,FALSE,"Degil","Yok","stil_Z",0.003,0.013,0.013,0,"kaldi",FALSE
"ERISIM","MEMNUNIYET","FarkliSecenek",6,-0.01,0.038,-0.101,-0.081,0.062,0.5995,0.3437,4,4,4,4.6,4.6,0.4,0.656,4,0.287,FALSE,FALSE,"Degil","Yok","stil_Z",0.003,-0.021,0.021,0,"kaldi",FALSE
"MEMNUNIYET","ERS","FarkliSecenek",6,-0.086,0.051,-0.701,-0.201,0.007,0.953,0.8906,2,2,2,6,6.4,0.167,0.311,6,0.115,FALSE,FALSE,"Degil","Yok","stil_Z",-0.021,0.069,0.069,0,"kaldi",FALSE
"MEMNUNIYET","KAB","FarkliSecenek",6,-0.196,0.103,-0.765,-0.412,-0.018,0.9713,0.8906,2,2,2,5,5.5,0.167,0.367,6,0.166,FALSE,FALSE,"Degil","Yok","stil_Z",-0.021,0.024,0.024,0,"kaldi",FALSE
"MEMNUNIYET","UYG","FarkliSecenek",6,0.057,0.123,0.181,-0.133,0.339,0.3198,0.6562,3,3,3,4.7,5,0,0.622,6,-0.367,FALSE,FALSE,"Degil","Yok","stil_Z",-0.021,0.074,0.074,0,"kaldi",FALSE
"MEMNUNIYET","ULS","FarkliSecenek",6,0.197,0.169,0.464,-0.165,0.509,0.1224,0.3437,4,4,4,4.7,4,0.355,0.633,6,0.105,FALSE,FALSE,"Degil","Yok","stil_Z",-0.021,-0.12,0.12,0,"kaldi",FALSE
"MEMNUNIYET","ERISIM","FarkliSecenek",6,-0.139,0.153,-0.367,-0.476,0.081,0.818,0.6562,3,3,3,3.9,4.2,0.167,0.478,6,-0.14,FALSE,FALSE,"Degil","Yok","stil_Z",-0.021,0.003,0.021,0,"kaldi",FALSE
"ERISIM","GUV_Saglayici","FarkliSecenek",6,-0.006,0.043,-0.056,-0.094,0.08,0.5548,0.6562,3,3,3,4.4,4.4,0.381,0.489,4,0.531,FALSE,FALSE,"Degil","Yok","stil_Z",0.003,0.025,0.025,0,"kaldi",FALSE
"MEMNUNIYET","GUV_Saglayici","FarkliSecenek",6,-0.042,0.041,-0.409,-0.135,0.027,0.8465,0.8906,2,2,2,3.8,4.1,0.004,0.344,6,0.016,FALSE,FALSE,"Degil","Yok","stil_Z",-0.021,0.025,0.025,0,"kaldi",FALSE
"ERISIM","GUV_Odeyici","FarkliSecenek",6,0.485,0.452,0.448,-0.026,1.461,0.1416,0.1094,4,4,5,4.2,4.2,0.539,0.711,4,0.296,FALSE,FALSE,"Degil","Yok","stil_Z",0.003,-0.016,0.016,0,"kaldi",FALSE
"MEMNUNIYET","GUV_Odeyici","FarkliSecenek",6,-0.082,0.046,-0.727,-0.183,-0.01,0.9627,0.9844,1,1,1,3.8,4,0.667,0.289,6,0.019,FALSE,FALSE,"Degil","Yok","stil_Z",-0.021,-0.016,0.021,0,"kaldi",FALSE
"ERISIM","GUVEN","FarkliSecenek",6,0.006,0.046,0.056,-0.077,0.096,0.4449,0.3437,4,4,4,4,4.1,0.521,0.689,4,0.225,FALSE,FALSE,"Degil","Yok","stil_Z",0.003,-0.005,0.005,0,"kaldi",FALSE
"MEMNUNIYET","GUVEN","FarkliSecenek",6,-0.034,0.022,-0.649,-0.084,0.002,0.9428,0.6562,2,2,3,3.5,3.7,0.194,0.322,6,-0.066,FALSE,FALSE,"Degil","Yok","stil_Z",-0.021,-0.005,0.021,0,"kaldi",FALSE
"ERISIM","SOY_index","FarkliSecenek",6,0.032,0.044,0.294,-0.051,0.117,0.2324,0.3437,4,4,4,9.2,8.9,0.576,0.544,4,-0.384,FALSE,FALSE,"Degil","Yok","stil_Z",0.003,-0.066,0.066,0,"kaldi",FALSE
"MEMNUNIYET","SOY_index","FarkliSecenek",6,0.372,0.343,0.432,-0.042,1.141,0.1396,0.3437,4,4,4,7,6.9,0.44,0.6,6,-0.257,FALSE,FALSE,"Degil","Yok","stil_Z",-0.021,-0.066,0.066,0,"kaldi",FALSE
"ERISIM","MTT","DuzBlok",6,0.005,0.059,0.035,-0.111,0.121,0.465,0.6562,3,3,3,3.1,2.9,0.34,0.5,4,-0.225,FALSE,FALSE,"Degil","Yok","stil_Z",0.115,0.154,0.154,0.1495,"gecti",FALSE
"ERISIM","FCV","DuzBlok",6,-0.008,0.115,-0.028,-0.247,0.235,0.5267,0.6562,3,3,3,6.8,6.5,0,0.467,4,0.067,FALSE,FALSE,"Degil","Yok","stil_Z",0.115,0.257,0.257,0.0266,"kaldi",FALSE
"ERISIM","RNS","DuzBlok",6,0.389,0.307,0.518,-0.021,1.075,0.1026,0.3437,4,4,4,7.2,6.6,0,0.633,4,0.369,FALSE,FALSE,"Degil","Yok","stil_Z",0.115,0.306,0.306,0.048,"kaldi",FALSE
"ERISIM","ILT","DuzBlok",6,0.058,0.055,0.447,-0.044,0.164,0.1441,0.6562,3,3,3,5.2,4.9,0,0.544,4,0.363,FALSE,FALSE,"Degil","Yok","stil_Z",0.115,0.206,0.206,0.3561,"gecti",FALSE
"ERISIM","MEMNUNIYET","DuzBlok",6,0.178,0.103,0.707,-0.006,0.371,0.0422,0.1094,4,4,5,4.6,3.9,0,0.633,4,0.375,TRUE,FALSE,"Degil","Yok","stil_Z",0.115,0.255,0.255,0.0643,"gecti",FALSE
"MEMNUNIYET","ERS","DuzBlok",6,-0.128,0.089,-0.562,-0.32,0.017,0.9249,0.8906,1,2,2,6,7,0.864,0.378,6,-0.116,FALSE,FALSE,"Degil","Yok","stil_Z",0.255,0.042,0.255,0.1432,"gecti",FALSE
"MEMNUNIYET","KAB","DuzBlok",6,-0.373,0.16,-0.942,-0.707,-0.101,0.9901,0.9844,0,1,1,5,6,1,0.211,6,0.371,FALSE,FALSE,"Degil","Yok","stil_Z",0.255,0.098,0.255,0.0051,"kaldi",FALSE
"MEMNUNIYET","UYG","DuzBlok",6,-0.108,0.021,-2.088,-0.148,-0.068,1,1,0,0,0,4.7,5.2,1,0.144,6,-0.428,FALSE,FALSE,"Degil","Yok","stil_Z",0.255,0.068,0.255,0.0016,"kaldi",FALSE
"MEMNUNIYET","ULS","DuzBlok",6,0.253,0.178,0.593,-0.084,0.608,0.0776,0.3437,3,4,4,4.7,4.4,0,0.6,6,-0.512,FALSE,FALSE,"Degil","Yok","stil_Z",0.255,0.165,0.255,0.0801,"gecti",FALSE
"MEMNUNIYET","ERISIM","DuzBlok",6,-0.5,0.375,-0.524,-1.306,0.145,0.9089,0.9844,1,1,1,3.9,4.3,0.839,0.311,6,0.483,FALSE,FALSE,"Degil","Yok","stil_Z",0.255,0.115,0.255,0.0028,"kaldi",FALSE
"ERISIM","GUV_Saglayici","DuzBlok",6,-0.033,0.05,-0.267,-0.139,0.057,0.7491,0.8906,2,2,2,4.4,4.3,0.002,0.322,4,-0.054,FALSE,FALSE,"Degil","Yok","stil_Z",0.115,0.159,0.159,0.703,"gecti",FALSE
"MEMNUNIYET","GUV_Saglayici","DuzBlok",6,0.038,0.125,0.122,-0.236,0.291,0.3801,0.3437,4,4,4,3.8,3.7,0.388,0.489,6,0.405,FALSE,FALSE,"Degil","Yok","stil_Z",0.255,0.159,0.255,0.0003,"kaldi",FALSE
"ERISIM","GUV_Odeyici","DuzBlok",6,-0.084,0.096,-0.364,-0.279,0.093,0.8095,0.6562,3,2,3,4.2,4.2,0.003,0.344,4,-0.139,FALSE,FALSE,"Degil","Yok","stil_Z",0.115,0.192,0.192,0.0356,"kaldi",FALSE
"MEMNUNIYET","GUV_Odeyici","DuzBlok",6,-0.075,0.089,-0.349,-0.268,0.071,0.8009,0.3437,4,4,4,3.8,3.9,0,0.489,6,0.601,FALSE,FALSE,"Degil","Yok","stil_Z",0.255,0.192,0.255,0,"kaldi",FALSE
"ERISIM","GUVEN","DuzBlok",6,-0.056,0.069,-0.33,-0.197,0.07,0.7902,0.6562,3,3,3,4,4,0.002,0.433,4,-0.079,FALSE,FALSE,"Degil","Yok","stil_Z",0.115,0.19,0.19,0.4511,"gecti",FALSE
"MEMNUNIYET","GUVEN","DuzBlok",6,0.027,0.132,0.083,-0.251,0.293,0.419,0.3437,4,4,4,3.5,3.4,0.363,0.489,6,0.414,FALSE,FALSE,"Degil","Yok","stil_Z",0.255,0.19,0.255,0.0003,"kaldi",FALSE
"ERISIM","SOY_index","DuzBlok",6,0.133,0.096,0.554,-0.027,0.346,0.0818,0.3437,4,4,4,9.2,8.6,0.005,0.578,4,0.508,FALSE,FALSE,"Degil","Yok","stil_Z",0.115,0.232,0.232,0.7333,"gecti",FALSE
"MEMNUNIYET","SOY_index","DuzBlok",6,-0.468,0.272,-0.713,-1.001,0.014,0.9575,0.9844,1,1,1,7,7.5,0,0.144,6,0.721,FALSE,FALSE,"Degil","Yok","stil_Z",0.255,0.232,0.255,0,"kaldi",FALSE
"MEMNUNIYET","GUV_Saglayici","ERS",6,0.424,0.51,0.331,-0.551,1.404,0.2026,0.6562,2,3,3,9,10.4,0,0.458,6,-0.271,FALSE,FALSE,"Degil","Yok","dikkatli",0.44,0.526,0.526,0.2345,"kaldi",FALSE
"MEMNUNIYET","GUV_Odeyici","ERS",6,0.568,0.378,0.598,-0.18,1.318,0.0665,0.3437,4,4,4,9.5,8.7,0,0.667,6,0.544,FALSE,FALSE,"Degil","Yok","dikkatli",0.44,0.422,0.44,0.2206,"kaldi",FALSE
"MEMNUNIYET","GUVEN","ERS",6,-0.026,0.484,-0.022,-0.942,0.936,0.5214,0.6562,3,3,3,7.2,8,0,0.458,6,-0.041,FALSE,FALSE,"Degil","Yok","dikkatli",0.44,0.51,0.51,0.2805,"kaldi",FALSE
"MEMNUNIYET","SOY_index","ERS",6,-0.588,0.221,-1.055,-1.003,-0.172,0.9961,0.8906,1,2,2,19.4,32.6,0,0.25,6,0.391,FALSE,FALSE,"Degil","Yok","dikkatli",0.44,0.373,0.44,0.5842,"kaldi",TRUE
"MEMNUNIYET","GUV_Saglayici","KAB",6,-0.146,0.394,-0.151,-0.909,0.601,0.6446,0.3437,3,4,4,9,14.2,0,0.681,6,0.142,FALSE,FALSE,"Degil","Yok","dikkatli",0.518,0.66,0.66,0.0005,"kaldi",FALSE
"MEMNUNIYET","GUV_Odeyici","KAB",6,0.153,0.496,0.122,-0.771,1.15,0.379,0.3437,2,4,4,9.5,15.4,0,0.528,6,-0.272,FALSE,FALSE,"Degil","Yok","dikkatli",0.518,0.518,0.518,0.0001,"kaldi",FALSE
"MEMNUNIYET","GUVEN","KAB",6,-0.324,0.65,-0.207,-1.479,1.026,0.6909,0.6562,3,3,3,7.2,10.9,0,0.458,6,0.022,FALSE,FALSE,"Degil","Yok","dikkatli",0.518,0.644,0.644,0.0003,"kaldi",FALSE
"MEMNUNIYET","SOY_index","KAB",6,-0.871,0.193,-1.817,-1.237,-0.51,1,0.9844,0,1,1,19.4,44.8,0,0.208,6,0.248,FALSE,FALSE,"Degil","Yok","dikkatli",0.518,0.391,0.518,0.725,"kaldi",TRUE
"MEMNUNIYET","GUV_Saglayici","UYG",6,0.41,0.925,0.186,-1.308,2.335,0.329,0.6562,3,3,3,9,11.7,0,0.417,6,-0.228,FALSE,FALSE,"Degil","Yok","dikkatli",0.491,0.591,0.591,0.0569,"kaldi",FALSE
"MEMNUNIYET","GUV_Odeyici","UYG",6,0.487,0.581,0.338,-0.54,1.645,0.2009,0.6562,3,3,3,9.5,11.2,0,0.597,6,-0.36,FALSE,FALSE,"Degil","Yok","dikkatli",0.491,0.483,0.491,0.0035,"kaldi",FALSE
"MEMNUNIYET","GUVEN","UYG",6,-0.168,0.739,-0.094,-1.61,1.282,0.5901,0.6562,3,3,3,7.2,9.5,0,0.417,6,-0.106,FALSE,FALSE,"Degil","Yok","dikkatli",0.491,0.58,0.58,0.0299,"kaldi",FALSE
"MEMNUNIYET","SOY_index","UYG",6,-0.314,0.106,-1.178,-0.534,-0.103,0.9985,0.6562,1,3,3,19.4,29,0,0.597,6,-0.07,FALSE,FALSE,"Degil","Yok","dikkatli",0.491,0.372,0.491,0.5429,"kaldi",TRUE
"MEMNUNIYET","GUV_Saglayici","ULS",6,-0.122,0.4,-0.122,-0.908,0.595,0.6194,0.6562,3,3,3,9,10.8,0,0.514,6,0.06,FALSE,FALSE,"Degil","Yok","dikkatli",0.534,0.515,0.534,0.2002,"kaldi",FALSE
"MEMNUNIYET","GUV_Odeyici","ULS",6,-0.045,0.248,-0.073,-0.497,0.453,0.572,0.8906,2,2,2,9.5,12.6,0,0.431,6,-0.365,FALSE,FALSE,"Degil","Yok","dikkatli",0.534,0.405,0.534,0.015,"kaldi",FALSE
"MEMNUNIYET","GUVEN","ULS",6,-0.24,0.425,-0.24,-1.113,0.539,0.7141,0.6562,3,3,3,7.2,8.5,0,0.458,6,0.093,FALSE,FALSE,"Degil","Yok","dikkatli",0.534,0.511,0.534,0.0642,"kaldi",FALSE
"MEMNUNIYET","SOY_index","ULS",6,-0.443,0.085,-2.071,-0.614,-0.285,1,0.8906,0,2,2,19.4,31.1,0,0.431,6,-0.312,FALSE,FALSE,"Degil","Yok","dikkatli",0.534,0.318,0.534,0.2672,"kaldi",TRUE
"MEMNUNIYET","GUV_Saglayici","ERISIM",6,-0.572,0.553,-0.415,-1.59,0.595,0.8494,0.6562,1,3,3,9,19.2,0,0.417,6,0.056,FALSE,FALSE,"Degil","Yok","dikkatli",0.574,0.687,0.687,0.0123,"kaldi",FALSE
"MEMNUNIYET","GUV_Odeyici","ERISIM",6,-0.036,0.548,-0.027,-0.997,1.109,0.5264,0.3437,2,4,4,9.5,19.1,0,0.611,6,-0.481,FALSE,FALSE,"Degil","Yok","dikkatli",0.574,0.539,0.574,0.001,"kaldi",FALSE
"MEMNUNIYET","GUVEN","ERISIM",6,-0.787,0.503,-0.658,-1.779,0.184,0.9412,0.6562,2,3,3,7.2,15.3,0,0.472,6,-0.063,FALSE,FALSE,"Degil","Yok","dikkatli",0.574,0.67,0.67,0.0062,"kaldi",FALSE
"MEMNUNIYET","SOY_index","ERISIM",6,-1.046,0.208,-2.086,-1.444,-0.631,1,0.9844,0,1,1,19.4,54,0,0.208,6,0.372,FALSE,FALSE,"Degil","Yok","dikkatli",0.574,0.427,0.574,0.9403,"kaldi",TRUE
"ERISIM","GUV_Saglayici","MTT",6,-0.203,0.384,-0.219,-0.899,0.614,0.7014,0.6562,2,3,3,8.9,18,0,0.472,4,-0.182,FALSE,FALSE,"Degil","Yok","dikkatli",0.585,0.586,0.586,0.0831,"kaldi",FALSE
"ERISIM","GUV_Odeyici","MTT",6,-0.128,0.33,-0.155,-0.744,0.568,0.6514,0.6562,3,3,3,11.6,18.6,0,0.542,4,0.75,FALSE,FALSE,"Degil","Yok","dikkatli",0.585,0.453,0.585,0.0021,"kaldi",TRUE
"ERISIM","GUVEN","MTT",6,-0.248,0.345,-0.282,-0.842,0.466,0.7641,0.6562,1,3,3,9.5,17.4,0,0.486,4,0.639,FALSE,FALSE,"Degil","Yok","dikkatli",0.585,0.572,0.585,0.0345,"kaldi",FALSE
"ERISIM","SOY_index","MTT",6,0.047,0.509,0.039,-0.659,1.135,0.4635,0.8906,1,2,2,11.3,16.9,0,0.431,4,-0.637,FALSE,FALSE,"Degil","Yok","dikkatli",0.585,0.377,0.585,0.3534,"kaldi",TRUE
"ERISIM","GUV_Saglayici","FCV",6,-0.321,0.165,-0.801,-0.672,-0.012,0.9739,0.8906,1,2,2,8.9,11.3,0,0.389,4,0.897,FALSE,FALSE,"Degil","Yok","dikkatli",0.398,0.453,0.453,0.002,"kaldi",FALSE
"ERISIM","GUV_Odeyici","FCV",6,-0.073,0.202,-0.15,-0.396,0.398,0.6409,0.8906,1,2,2,11.6,14.2,0,0.319,4,0.614,FALSE,FALSE,"Degil","Yok","dikkatli",0.398,0.398,0.398,0.0002,"kaldi",TRUE
"ERISIM","GUVEN","FCV",6,-0.295,0.217,-0.559,-0.735,0.1,0.9128,0.8906,1,2,2,9.5,11.9,0,0.347,4,0.803,FALSE,FALSE,"Degil","Yok","dikkatli",0.398,0.476,0.476,0.0004,"kaldi",FALSE
"ERISIM","SOY_index","FCV",6,-0.109,0.186,-0.24,-0.475,0.262,0.7219,0.6562,2,3,3,11.3,13.1,0.506,0.417,4,-0.338,FALSE,FALSE,"Degil","Yok","dikkatli",0.398,0.165,0.398,0.5366,"kaldi",TRUE
"ERISIM","GUV_Saglayici","RNS",6,-0.446,0.152,-1.207,-0.781,-0.204,0.9983,0.8906,0,2,2,8.9,12.6,0,0.306,4,0.75,FALSE,FALSE,"Degil","Yok","dikkatli",0.436,0.454,0.454,0.0022,"kaldi",FALSE
"ERISIM","GUV_Odeyici","RNS",6,-0.087,0.122,-0.29,-0.34,0.141,0.762,0.6562,2,3,3,11.6,14.8,0,0.556,4,0.1,FALSE,FALSE,"Degil","Yok","dikkatli",0.436,0.379,0.436,0.0015,"kaldi",TRUE
"ERISIM","GUVEN","RNS",6,-0.405,0.158,-1.052,-0.742,-0.123,0.9948,0.8906,1,2,2,9.5,13.1,0,0.25,4,0.785,FALSE,FALSE,"Degil","Yok","dikkatli",0.436,0.47,0.47,0.0014,"kaldi",FALSE
"ERISIM","SOY_index","RNS",6,-0.112,0.206,-0.228,-0.475,0.327,0.7067,0.8906,2,2,2,11.3,14,0,0.375,4,-0.507,FALSE,FALSE,"Degil","Yok","dikkatli",0.436,0.237,0.436,0.5277,"kaldi",TRUE
"ERISIM","GUV_Saglayici","ILT",6,-0.529,0.303,-0.693,-1.134,0.028,0.9594,0.6562,1,3,3,8.9,15.2,0,0.556,4,0.771,FALSE,FALSE,"Degil","Yok","dikkatli",0.553,0.573,0.573,0.0105,"kaldi",FALSE
"ERISIM","GUV_Odeyici","ILT",6,-0.793,0.118,-2.733,-1.025,-0.542,1,1,0,0,0,11.6,24.9,0,0.042,4,0.542,FALSE,FALSE,"Degil","Yok","dikkatli",0.553,0.533,0.553,0.0032,"kaldi",TRUE
"ERISIM","GUVEN","ILT",6,-0.739,0.271,-1.121,-1.333,-0.258,0.9968,0.6562,0,3,3,9.5,17.6,0,0.417,4,0.794,FALSE,FALSE,"Degil","Yok","dikkatli",0.553,0.597,0.597,0.0089,"kaldi",FALSE
"ERISIM","SOY_index","ILT",6,-0.539,0.216,-1.011,-0.942,-0.097,0.9937,0.8906,1,2,2,11.3,21.3,0,0.333,4,-0.567,FALSE,FALSE,"Degil","Yok","dikkatli",0.553,0.361,0.553,0.6685,"kaldi",TRUE
"ERISIM","GUV_Saglayici","MEMNUNIYET",6,-0.509,0.242,-0.864,-0.971,-0.025,0.9825,0.6562,1,3,3,8.9,15.5,0,0.472,4,0.864,FALSE,FALSE,"Degil","Yok","dikkatli",0.574,0.594,0.594,0.0123,"kaldi",FALSE
"ERISIM","GUV_Odeyici","MEMNUNIYET",6,0.027,0.384,0.029,-0.615,0.841,0.4722,0.6562,2,3,3,11.6,18.7,0,0.556,4,-0.298,FALSE,FALSE,"Degil","Yok","dikkatli",0.574,0.505,0.574,0.001,"kaldi",TRUE
"ERISIM","GUVEN","MEMNUNIYET",6,-0.521,0.188,-1.106,-0.908,-0.144,0.9972,0.8906,2,2,2,9.5,16.3,0,0.375,4,0.905,FALSE,FALSE,"Degil","Yok","dikkatli",0.574,0.609,0.609,0.0062,"kaldi",FALSE
"ERISIM","SOY_index","MEMNUNIYET",6,-0.386,0.159,-0.998,-0.724,-0.072,0.9925,0.9844,1,1,1,11.3,17.9,0,0.167,4,-0.048,FALSE,FALSE,"Degil","Yok","dikkatli",0.574,0.323,0.574,0.9403,"kaldi",TRUE
"ERISIM","MTT","GUV_Saglayici",6,-1.268,0.606,-0.861,-2.636,-0.486,0.9818,0.8906,0,2,2,9.7,24.8,0,0.306,4,0.739,FALSE,FALSE,"Degil","Yok","dikkatli",0.687,0.586,0.687,0.0274,"kaldi",FALSE
"ERISIM","FCV","GUV_Saglayici",6,-0.89,0.263,-1.359,-1.421,-0.379,0.9996,0.6562,0,3,3,21.5,65.4,0,0.458,4,0.24,FALSE,FALSE,"Degil","Yok","dikkatli",0.687,0.453,0.687,0.8521,"kaldi",TRUE
"ERISIM","RNS","GUV_Saglayici",6,-0.666,0.296,-0.899,-1.232,-0.095,0.9877,0.6562,1,3,3,17.4,42.6,0,0.556,4,-0.157,FALSE,FALSE,"Degil","Yok","dikkatli",0.687,0.454,0.687,0.8476,"kaldi",TRUE
"ERISIM","ILT","GUV_Saglayici",6,-0.504,0.455,-0.444,-1.4,0.399,0.8659,0.8906,1,2,2,12.3,24.9,0,0.347,4,-0.019,FALSE,FALSE,"Degil","Yok","dikkatli",0.687,0.573,0.687,0.0238,"kaldi",TRUE
"ERISIM","MEMNUNIYET","GUV_Saglayici",6,-0.34,0.482,-0.285,-1.274,0.59,0.7599,0.6562,2,3,3,11.5,28.7,0,0.458,4,0.177,FALSE,FALSE,"Degil","Yok","dikkatli",0.687,0.594,0.687,0.2069,"kaldi",TRUE
"MEMNUNIYET","ERS","GUV_Saglayici",6,-0.807,0.266,-1.22,-1.317,-0.295,0.9988,0.6562,1,3,3,15.2,34.5,0,0.458,6,-0.263,FALSE,FALSE,"Degil","Yok","dikkatli",0.594,0.526,0.594,0.0395,"kaldi",TRUE
"MEMNUNIYET","KAB","GUV_Saglayici",6,-0.634,0.336,-0.73,-1.33,0.032,0.9703,0.3437,2,4,4,12.3,23.2,0,0.625,6,0.161,FALSE,FALSE,"Degil","Yok","dikkatli",0.594,0.66,0.66,0.0001,"kaldi",TRUE
"MEMNUNIYET","UYG","GUV_Saglayici",6,-0.284,0.309,-0.38,-0.878,0.328,0.8207,0.3437,2,4,4,15,22.8,0,0.639,6,-0.299,FALSE,FALSE,"Degil","Yok","dikkatli",0.594,0.591,0.594,0.0013,"kaldi",TRUE
"MEMNUNIYET","ULS","GUV_Saglayici",6,-0.433,0.469,-0.385,-1.395,0.452,0.822,0.6562,2,3,3,7.5,13.4,0,0.472,6,0.076,FALSE,FALSE,"Degil","Yok","dikkatli",0.594,0.515,0.594,0.125,"kaldi",FALSE
"MEMNUNIYET","ERISIM","GUV_Saglayici",6,-0.68,0.289,-0.967,-1.288,-0.152,0.9906,0.3437,1,4,4,10.1,16.3,0,0.639,6,0.247,FALSE,FALSE,"Degil","Yok","dikkatli",0.594,0.687,0.687,0.0012,"kaldi",TRUE
"ERISIM","SOY_index","GUV_Saglayici",6,-0.467,0.091,-2.168,-0.663,-0.309,1,0.9844,0,1,1,11.3,18.1,0,0.139,4,-0.295,FALSE,FALSE,"Degil","Yok","dikkatli",0.687,0.331,0.687,0.3284,"kaldi",TRUE
"MEMNUNIYET","SOY_index","GUV_Saglayici",6,-0.838,0.155,-2.156,-1.121,-0.541,1,0.9844,0,1,1,19.4,40.7,0,0.083,6,0.74,FALSE,FALSE,"Degil","Yok","dikkatli",0.594,0.331,0.594,0.7393,"kaldi",TRUE
"ERISIM","MTT","GUV_Odeyici",6,-0.784,0.601,-0.529,-2.067,0.25,0.9041,0.6562,1,3,3,9.7,16,0,0.472,4,0.878,FALSE,FALSE,"Degil","Yok","dikkatli",0.539,0.453,0.539,0.0029,"kaldi",FALSE
"ERISIM","FCV","GUV_Odeyici",6,-0.64,0.162,-1.59,-0.969,-0.353,1,0.6562,0,3,3,21.5,44.7,0,0.417,4,0.734,FALSE,FALSE,"Degil","Yok","dikkatli",0.539,0.398,0.539,0.6381,"kaldi",TRUE
"ERISIM","RNS","GUV_Odeyici",6,-0.455,0.32,-0.574,-0.98,0.235,0.9224,0.8906,1,2,2,17.4,38.1,0,0.375,4,0.581,FALSE,FALSE,"Degil","Yok","dikkatli",0.539,0.379,0.539,0.895,"kaldi",TRUE
"ERISIM","ILT","GUV_Odeyici",6,-0.79,0.203,-1.572,-1.255,-0.527,0.9999,1,0,0,0,12.3,25.5,0,0.097,4,0.762,FALSE,FALSE,"Degil","Yok","dikkatli",0.539,0.533,0.539,0.031,"kaldi",TRUE
"ERISIM","MEMNUNIYET","GUV_Odeyici",6,-0.737,0.27,-1.124,-1.293,-0.224,0.9968,0.8906,1,2,2,11.5,24.1,0,0.375,4,0.911,FALSE,FALSE,"Degil","Yok","dikkatli",0.539,0.505,0.539,0.0699,"kaldi",TRUE
"MEMNUNIYET","ERS","GUV_Odeyici",6,-0.315,0.218,-0.596,-0.754,0.119,0.9259,0.3437,2,4,4,15.2,22.2,0,0.625,6,-0.17,FALSE,FALSE,"Degil","Yok","dikkatli",0.505,0.422,0.505,0.0409,"kaldi",TRUE
"MEMNUNIYET","KAB","GUV_Odeyici",6,-0.739,0.183,-1.634,-1.079,-0.368,1,0.8906,0,2,2,12.3,21.8,0,0.375,6,-0.028,FALSE,FALSE,"Degil","Yok","dikkatli",0.505,0.518,0.518,0,"kaldi",TRUE
"MEMNUNIYET","UYG","GUV_Odeyici",6,-0.333,0.279,-0.473,-0.898,0.196,0.8834,0.6562,2,3,3,15,20.9,0,0.514,6,-0.176,FALSE,FALSE,"Degil","Yok","dikkatli",0.505,0.483,0.505,0,"kaldi",TRUE
"MEMNUNIYET","ULS","GUV_Odeyici",6,0.104,0.485,0.087,-0.799,1.033,0.4153,0.6562,3,3,3,7.5,8.3,0,0.514,6,0.05,FALSE,FALSE,"Degil","Yok","dikkatli",0.505,0.405,0.505,0.7563,"kaldi",FALSE
"MEMNUNIYET","ERISIM","GUV_Odeyici",6,-0.516,0.301,-0.67,-1.119,0.074,0.9569,0.6562,2,3,3,10.1,14.4,0,0.458,6,-0.101,FALSE,FALSE,"Degil","Yok","dikkatli",0.505,0.539,0.539,0,"kaldi",TRUE
"ERISIM","SOY_index","GUV_Odeyici",6,-0.61,0.082,-3.107,-0.754,-0.443,1,0.9844,0,1,1,11.3,21.2,0,0.139,4,-0.407,FALSE,FALSE,"Degil","Yok","dikkatli",0.539,0.284,0.539,0.442,"kaldi",TRUE
"MEMNUNIYET","SOY_index","GUV_Odeyici",6,-0.367,0.246,-0.598,-0.772,0.209,0.9318,0.9844,1,1,1,19.4,33.1,0,0.222,6,-0.2,FALSE,FALSE,"Degil","Yok","dikkatli",0.505,0.284,0.505,0.794,"kaldi",TRUE
"ERISIM","MTT","GUVEN",6,-1.278,0.573,-0.893,-2.543,-0.413,0.9872,0.8906,0,2,2,9.7,22.7,0,0.306,4,0.815,FALSE,FALSE,"Degil","Yok","dikkatli",0.67,0.572,0.67,0.0175,"kaldi",FALSE
"ERISIM","FCV","GUVEN",6,-1.141,0.237,-1.962,-1.61,-0.714,1,0.3437,0,4,4,21.5,81.2,0,0.625,4,0.471,FALSE,FALSE,"Degil","Yok","dikkatli",0.67,0.476,0.67,0.832,"kaldi",TRUE
"ERISIM","RNS","GUVEN",6,-0.841,0.205,-1.718,-1.291,-0.487,1,0.3437,0,4,4,17.4,50.3,0,0.583,4,0.32,FALSE,FALSE,"Degil","Yok","dikkatli",0.67,0.47,0.67,0.7427,"kaldi",TRUE
"ERISIM","ILT","GUVEN",6,-0.493,0.473,-0.43,-1.413,0.492,0.8509,0.3437,1,4,4,12.3,26.9,0,0.639,4,-0.035,FALSE,FALSE,"Degil","Yok","dikkatli",0.67,0.597,0.67,0.04,"kaldi",TRUE
"ERISIM","MEMNUNIYET","GUVEN",6,-0.653,0.421,-0.634,-1.463,0.265,0.9397,0.6562,1,3,3,11.5,30.2,0,0.458,4,0.599,FALSE,FALSE,"Degil","Yok","dikkatli",0.67,0.609,0.67,0.218,"kaldi",TRUE
"MEMNUNIYET","ERS","GUVEN",6,-0.841,0.267,-1.318,-1.336,-0.334,0.9992,0.6562,1,3,3,15.2,33.3,0,0.458,6,-0.087,FALSE,FALSE,"Degil","Yok","dikkatli",0.609,0.51,0.609,0.049,"kaldi",TRUE
"MEMNUNIYET","KAB","GUVEN",6,-0.669,0.161,-1.714,-1.015,-0.364,1,0.1094,0,5,5,12.3,25.2,0,0.847,6,-0.061,FALSE,FALSE,"Degil","Yok","dikkatli",0.609,0.644,0.644,0.0001,"kaldi",TRUE
"MEMNUNIYET","UYG","GUVEN",6,-0.286,0.397,-0.293,-0.991,0.498,0.764,0.3437,2,4,4,15,23.8,0,0.639,6,-0.305,FALSE,FALSE,"Degil","Yok","dikkatli",0.609,0.58,0.609,0.0006,"kaldi",TRUE
"MEMNUNIYET","ULS","GUVEN",6,-0.204,0.636,-0.129,-1.321,1.15,0.6257,0.6562,2,3,3,7.5,14.5,0,0.417,6,-0.081,FALSE,FALSE,"Degil","Yok","dikkatli",0.609,0.511,0.609,0.3508,"kaldi",FALSE
"MEMNUNIYET","ERISIM","GUVEN",6,-0.407,0.359,-0.467,-1.003,0.39,0.8714,0.6562,1,3,3,10.1,15.2,0,0.472,6,-0.166,FALSE,FALSE,"Degil","Yok","dikkatli",0.609,0.67,0.67,0.0006,"kaldi",TRUE
"ERISIM","SOY_index","GUVEN",6,-0.504,0.102,-2.027,-0.679,-0.294,1,0.8906,0,2,2,11.3,19.7,0,0.306,4,-0.442,FALSE,FALSE,"Degil","Yok","dikkatli",0.67,0.336,0.67,0.3468,"kaldi",TRUE
"MEMNUNIYET","SOY_index","GUVEN",6,-0.785,0.135,-2.324,-1.057,-0.522,1,0.9844,0,1,1,19.4,40.2,0,0.083,6,0.57,FALSE,FALSE,"Degil","Yok","dikkatli",0.609,0.336,0.609,0.7333,"kaldi",TRUE
"ERISIM","MTT","SOY_index",6,-0.715,0.239,-1.209,-1.164,-0.278,0.9986,0.9844,0,1,1,9.7,14,0,0.083,4,0.974,FALSE,FALSE,"Degil","Yok","dikkatli",0.427,0.377,0.427,0.3057,"kaldi",FALSE
"ERISIM","FCV","SOY_index",6,-0.002,0.215,-0.005,-0.336,0.454,0.5046,0.8906,2,1,2,21.5,24.5,0.443,0.264,4,-0.658,FALSE,FALSE,"Degil","Yok","dikkatli",0.427,0.165,0.427,0.6396,"kaldi",TRUE
"ERISIM","RNS","SOY_index",6,-0.174,0.272,-0.272,-0.534,0.427,0.7385,0.8906,1,2,2,17.4,25.4,0,0.25,4,-0.736,FALSE,FALSE,"Degil","Yok","dikkatli",0.427,0.237,0.427,0.795,"kaldi",TRUE
"ERISIM","ILT","SOY_index",6,-0.127,0.308,-0.165,-0.651,0.52,0.6596,0.8906,2,2,2,12.3,16,0,0.375,4,-0.407,FALSE,FALSE,"Degil","Yok","dikkatli",0.427,0.361,0.427,0.0399,"kaldi",TRUE
"ERISIM","MEMNUNIYET","SOY_index",6,-0.388,0.07,-2.228,-0.513,-0.263,1,1,0,0,0,11.5,16.3,0,0.042,4,-0.039,FALSE,FALSE,"Degil","Yok","dikkatli",0.427,0.323,0.427,0.2645,"kaldi",TRUE
"MEMNUNIYET","ERS","SOY_index",6,-0.258,0.1,-1.06,-0.46,-0.074,0.9948,0.6562,1,3,3,15.2,19.6,0,0.458,6,-0.214,FALSE,FALSE,"Degil","Yok","dikkatli",0.323,0.373,0.373,0.1115,"kaldi",TRUE
"MEMNUNIYET","KAB","SOY_index",6,-0.446,0.268,-0.707,-1.057,-0.083,0.9518,0.6562,1,3,3,12.3,17.1,0,0.542,6,0.167,FALSE,FALSE,"Degil","Yok","dikkatli",0.323,0.391,0.391,0.2158,"kaldi",TRUE
"MEMNUNIYET","UYG","SOY_index",6,-0.423,0.18,-0.961,-0.767,-0.077,0.9906,0.6562,1,3,3,15,20.6,0,0.403,6,0.25,FALSE,FALSE,"Degil","Yok","dikkatli",0.323,0.372,0.372,0.5673,"kaldi",TRUE
"MEMNUNIYET","ULS","SOY_index",6,0.143,0.464,0.122,-0.483,1.195,0.3786,0.9844,1,1,1,7.5,10,0,0.167,6,0.022,FALSE,FALSE,"Degil","Yok","dikkatli",0.323,0.318,0.323,0.9074,"kaldi",FALSE
"MEMNUNIYET","ERISIM","SOY_index",6,-0.743,0.278,-1.086,-1.306,-0.244,0.9962,0.8906,0,2,2,10.1,15.2,0,0.25,6,0.265,FALSE,FALSE,"Degil","Yok","dikkatli",0.323,0.427,0.427,0.2492,"kaldi",TRUE
"ERISIM","GUV_Saglayici","SOY_index",6,-0.085,0.075,-0.473,-0.232,0.066,0.8701,0.8906,1,2,2,8.9,9.6,0,0.25,4,0.204,FALSE,FALSE,"Degil","Yok","dikkatli",0.427,0.331,0.427,0.3839,"kaldi",FALSE
"MEMNUNIYET","GUV_Saglayici","SOY_index",6,-0.331,0.153,-0.912,-0.617,-0.033,0.9849,0.6562,1,3,3,9,12.3,0,0.472,6,-0.162,FALSE,FALSE,"Degil","Yok","dikkatli",0.323,0.331,0.331,0.5652,"kaldi",FALSE
"ERISIM","GUV_Odeyici","SOY_index",6,-0.168,0.152,-0.453,-0.431,0.167,0.8644,0.9844,1,1,1,11.6,15.5,0,0.208,4,0.154,FALSE,FALSE,"Degil","Yok","dikkatli",0.427,0.284,0.427,0.2143,"kaldi",TRUE
"MEMNUNIYET","GUV_Odeyici","SOY_index",6,-0.21,0.114,-0.733,-0.408,0.036,0.9674,0.8906,1,2,2,9.5,12.3,0,0.25,6,-0.573,FALSE,FALSE,"Degil","Yok","dikkatli",0.323,0.284,0.323,0.6421,"kaldi",FALSE
"ERISIM","GUVEN","SOY_index",6,-0.171,0.082,-0.84,-0.308,-0.002,0.9817,0.8906,1,2,2,9.5,11.1,0,0.25,4,0.526,FALSE,FALSE,"Degil","Yok","dikkatli",0.427,0.336,0.427,0.3353,"kaldi",FALSE
"MEMNUNIYET","GUVEN","SOY_index",6,-0.143,0.173,-0.336,-0.465,0.198,0.796,0.6562,2,3,3,7.2,9.8,0,0.542,6,-0.174,FALSE,FALSE,"Degil","Yok","dikkatli",0.323,0.336,0.336,0.5544,"kaldi",FALSE
"ERISIM","MTT","Yas",5,0.179,0.347,0.233,-0.284,0.953,0.3036,0.9688,1,1,1,8.1,8.6,0.207,0.317,3,-0.51,FALSE,FALSE,"Degil","Yok","dikkatli",-0.059,0.001,0.059,0.5527,"gecti",FALSE
"ERISIM","FCV","Yas",5,0.083,0.064,0.59,-0.036,0.218,0.0987,0.5,3,3,3,23,21.6,0,0.583,3,-0.972,FALSE,FALSE,"Degil","Yok","dikkatli",-0.059,-0.153,0.153,0.489,"gecti",TRUE
"ERISIM","RNS","Yas",5,0.079,0.062,0.57,-0.039,0.2,0.1012,0.5,3,3,3,19.3,18.3,0.001,0.65,3,-0.89,FALSE,FALSE,"Degil","Yok","dikkatli",-0.059,-0.094,0.094,0.8144,"gecti",TRUE
"ERISIM","ILT","Yas",5,0.246,0.172,0.633,0.004,0.648,0.0765,0.5,3,3,3,11.7,10.9,0.401,0.717,3,-0.772,FALSE,FALSE,"Degil","Yok","dikkatli",-0.059,-0.113,0.113,0.0827,"gecti",TRUE
"ERISIM","MEMNUNIYET","Yas",5,0.188,0.12,0.686,-0.04,0.423,0.0596,0.1875,3,4,4,11,10.3,0.026,0.7,3,-0.982,FALSE,FALSE,"Degil","Yok","dikkatli",-0.059,-0.105,0.105,0.3423,"gecti",TRUE
"MEMNUNIYET","ERS","Yas",5,0.162,0.189,0.38,-0.123,0.607,0.1953,0.1875,3,4,4,14.1,13.6,0.376,0.7,5,-0.367,FALSE,FALSE,"Degil","Yok","dikkatli",-0.105,0.058,0.105,0.6199,"gecti",TRUE
"MEMNUNIYET","KAB","Yas",5,0.195,0.085,1.032,0.038,0.372,0.0112,0.1875,4,4,4,11.2,10.5,0.246,0.75,5,-0.247,TRUE,FALSE,"Degil","Yok","dikkatli",-0.105,-0.084,0.105,0.0486,"kaldi",TRUE
"MEMNUNIYET","UYG","Yas",5,0.225,0.106,0.929,0.007,0.435,0.0174,0.1875,4,3,4,14.6,13.6,0.328,0.65,5,-0.354,TRUE,FALSE,"Degil","Yok","dikkatli",-0.105,-0.063,0.105,0.0362,"kaldi",TRUE
"MEMNUNIYET","ULS","Yas",5,-0.211,0.11,-0.87,-0.445,-0.014,0.9718,0.8125,1,2,2,7.2,8.2,0.395,0.233,5,0.602,FALSE,FALSE,"Degil","Yok","dikkatli",-0.105,-0.066,0.105,0.0707,"gecti",FALSE
"MEMNUNIYET","ERISIM","Yas",5,0.223,0.209,0.469,-0.08,0.712,0.1438,0.5,2,3,3,9.3,9.1,0.414,0.433,5,-0.369,FALSE,FALSE,"Degil","Yok","dikkatli",-0.105,-0.059,0.105,0.0352,"kaldi",FALSE
"ERISIM","GUV_Saglayici","Yas",5,-0.071,0.024,-1.275,-0.119,-0.023,0.9982,1,0,0,0,9.8,10.3,0.395,0.05,3,0.885,FALSE,FALSE,"Degil","Yok","dikkatli",-0.059,-0.051,0.059,0.628,"gecti",FALSE
"MEMNUNIYET","GUV_Saglayici","Yas",5,-0.134,0.086,-0.683,-0.312,0.025,0.9406,0.9688,1,1,1,9.3,10.1,0.432,0.25,5,0.227,FALSE,FALSE,"Degil","Yok","dikkatli",-0.105,-0.051,0.105,0.1453,"gecti",FALSE
"ERISIM","GUV_Odeyici","Yas",5,-0.011,0.034,-0.142,-0.083,0.051,0.6263,0.8125,2,2,2,11.3,11.5,0.203,0.383,3,-0.291,FALSE,FALSE,"Degil","Yok","dikkatli",-0.059,-0.065,0.065,0.4985,"gecti",TRUE
"MEMNUNIYET","GUV_Odeyici","Yas",5,-0.176,0.101,-0.766,-0.402,0.01,0.9591,0.8125,1,2,2,9.3,10.5,0.601,0.417,5,0.366,FALSE,FALSE,"Degil","Yok","dikkatli",-0.105,-0.065,0.105,0.0957,"gecti",FALSE
"ERISIM","GUVEN","Yas",5,-0.067,0.024,-1.267,-0.113,-0.021,0.9976,0.9688,0,1,1,9.7,10.2,0.395,0.183,3,0.696,FALSE,FALSE,"Degil","Yok","dikkatli",-0.059,-0.072,0.072,0.9409,"gecti",FALSE
"MEMNUNIYET","GUVEN","Yas",5,-0.18,0.175,-0.453,-0.538,0.118,0.8487,0.8125,2,2,2,7.1,8,0.422,0.45,5,0.193,FALSE,FALSE,"Degil","Yok","dikkatli",-0.105,-0.072,0.105,0.0997,"gecti",FALSE
"ERISIM","SOY_index","Yas",5,0.055,0.066,0.373,-0.044,0.208,0.1997,0.5,2,3,3,12.5,12.1,0.605,0.567,3,-0.734,FALSE,FALSE,"Degil","Yok","dikkatli",-0.059,-0.06,0.06,0.7972,"gecti",TRUE
"MEMNUNIYET","SOY_index","Yas",5,0.187,0.17,0.474,-0.093,0.593,0.1346,0.1875,4,4,4,20,18.7,0.266,0.683,5,-0.261,FALSE,FALSE,"Degil","Yok","dikkatli",-0.105,-0.06,0.105,0.8726,"gecti",TRUE
